{
  "n": 200,
  "cer_mean": 0.9254610806730414,
  "wer_mean": 1.0,
  "ger_mean": 0.9909861111111111,
  "cer_corpus": 0.9170679507758159,
  "wer_corpus": 1.0
}